{
  "Total" : {
    "transaction" : "Total",
    "sampleCount" : 100,
    "errorCount" : 100,
    "errorPct" : 100.0,
    "meanResTime" : 85.33999999999997,
    "minResTime" : 0.0,
    "maxResTime" : 165.0,
    "pct1ResTime" : 144.9,
    "pct2ResTime" : 147.89999999999998,
    "pct3ResTime" : 164.88999999999993,
    "throughput" : 213.21961620469082,
    "receivedKBytesPerSec" : 551.1643789978679,
    "sentKBytesPerSec" : 0.0
  },
  "HTTP Request" : {
    "transaction" : "HTTP Request",
    "sampleCount" : 100,
    "errorCount" : 100,
    "errorPct" : 100.0,
    "meanResTime" : 85.33999999999997,
    "minResTime" : 0.0,
    "maxResTime" : 165.0,
    "pct1ResTime" : 144.9,
    "pct2ResTime" : 147.89999999999998,
    "pct3ResTime" : 164.88999999999993,
    "throughput" : 213.21961620469082,
    "receivedKBytesPerSec" : 551.1643789978679,
    "sentKBytesPerSec" : 0.0
  }
}