{
  "Total" : {
    "transaction" : "Total",
    "sampleCount" : 100,
    "errorCount" : 0,
    "errorPct" : 0.0,
    "meanResTime" : 3912.1099999999988,
    "minResTime" : 3151.0,
    "maxResTime" : 4442.0,
    "pct1ResTime" : 4399.9,
    "pct2ResTime" : 4424.8,
    "pct3ResTime" : 4441.97,
    "throughput" : 22.497187851518557,
    "receivedKBytesPerSec" : 11.753901856017997,
    "sentKBytesPerSec" : 2.900028121484814
  },
  "HTTP Request" : {
    "transaction" : "HTTP Request",
    "sampleCount" : 100,
    "errorCount" : 0,
    "errorPct" : 0.0,
    "meanResTime" : 3912.1099999999988,
    "minResTime" : 3151.0,
    "maxResTime" : 4442.0,
    "pct1ResTime" : 4399.9,
    "pct2ResTime" : 4424.8,
    "pct3ResTime" : 4441.97,
    "throughput" : 22.497187851518557,
    "receivedKBytesPerSec" : 11.753901856017997,
    "sentKBytesPerSec" : 2.900028121484814
  }
}