{
  "Total" : {
    "transaction" : "Total",
    "sampleCount" : 100,
    "errorCount" : 100,
    "errorPct" : 100.0,
    "meanResTime" : 3024.7200000000003,
    "minResTime" : 2158.0,
    "maxResTime" : 3620.0,
    "pct1ResTime" : 3450.1,
    "pct2ResTime" : 3574.4999999999995,
    "pct3ResTime" : 3619.71,
    "throughput" : 27.59381898454746,
    "receivedKBytesPerSec" : 14.416692535871965,
    "sentKBytesPerSec" : 3.557015728476821
  },
  "HTTP Request" : {
    "transaction" : "HTTP Request",
    "sampleCount" : 100,
    "errorCount" : 100,
    "errorPct" : 100.0,
    "meanResTime" : 3024.7200000000003,
    "minResTime" : 2158.0,
    "maxResTime" : 3620.0,
    "pct1ResTime" : 3450.1,
    "pct2ResTime" : 3574.4999999999995,
    "pct3ResTime" : 3619.71,
    "throughput" : 27.59381898454746,
    "receivedKBytesPerSec" : 14.416692535871965,
    "sentKBytesPerSec" : 3.557015728476821
  }
}