{
  "Total" : {
    "transaction" : "Total",
    "sampleCount" : 100,
    "errorCount" : 0,
    "errorPct" : 0.0,
    "meanResTime" : 3704.45,
    "minResTime" : 2291.0,
    "maxResTime" : 4698.0,
    "pct1ResTime" : 4464.0,
    "pct2ResTime" : 4539.75,
    "pct3ResTime" : 4697.79,
    "throughput" : 21.159542953872197,
    "receivedKBytesPerSec" : 18.183982225983918,
    "sentKBytesPerSec" : 2.7275973338975876
  },
  "HTTP Request" : {
    "transaction" : "HTTP Request",
    "sampleCount" : 100,
    "errorCount" : 0,
    "errorPct" : 0.0,
    "meanResTime" : 3704.45,
    "minResTime" : 2291.0,
    "maxResTime" : 4698.0,
    "pct1ResTime" : 4464.0,
    "pct2ResTime" : 4539.75,
    "pct3ResTime" : 4697.79,
    "throughput" : 21.159542953872197,
    "receivedKBytesPerSec" : 18.183982225983918,
    "sentKBytesPerSec" : 2.7275973338975876
  }
}