{
  "Total" : {
    "transaction" : "Total",
    "sampleCount" : 100,
    "errorCount" : 100,
    "errorPct" : 100.0,
    "meanResTime" : 2816.9599999999996,
    "minResTime" : 1902.0,
    "maxResTime" : 3490.0,
    "pct1ResTime" : 3377.7000000000003,
    "pct2ResTime" : 3479.8,
    "pct3ResTime" : 3489.96,
    "throughput" : 28.57959416976279,
    "receivedKBytesPerSec" : 14.931721563303801,
    "sentKBytesPerSec" : 3.6840883109459845
  },
  "HTTP Request" : {
    "transaction" : "HTTP Request",
    "sampleCount" : 100,
    "errorCount" : 100,
    "errorPct" : 100.0,
    "meanResTime" : 2816.9599999999996,
    "minResTime" : 1902.0,
    "maxResTime" : 3490.0,
    "pct1ResTime" : 3377.7000000000003,
    "pct2ResTime" : 3479.8,
    "pct3ResTime" : 3489.96,
    "throughput" : 28.57959416976279,
    "receivedKBytesPerSec" : 14.931721563303801,
    "sentKBytesPerSec" : 3.6840883109459845
  }
}