{
  "Total" : {
    "transaction" : "Total",
    "sampleCount" : 300,
    "errorCount" : 0,
    "errorPct" : 0.0,
    "meanResTime" : 7626.0700000000015,
    "minResTime" : 4735.0,
    "maxResTime" : 9618.0,
    "pct1ResTime" : 9275.7,
    "pct2ResTime" : 9426.9,
    "pct3ResTime" : 9608.84,
    "throughput" : 31.113876789047914,
    "receivedKBytesPerSec" : 21.725021390790292,
    "sentKBytesPerSec" : 6.866929838207841
  },
  "HTTP Request" : {
    "transaction" : "HTTP Request",
    "sampleCount" : 300,
    "errorCount" : 0,
    "errorPct" : 0.0,
    "meanResTime" : 7626.0700000000015,
    "minResTime" : 4735.0,
    "maxResTime" : 9618.0,
    "pct1ResTime" : 9275.7,
    "pct2ResTime" : 9426.9,
    "pct3ResTime" : 9608.84,
    "throughput" : 31.113876789047914,
    "receivedKBytesPerSec" : 21.725021390790292,
    "sentKBytesPerSec" : 6.866929838207841
  }
}