{
  "Total" : {
    "transaction" : "Total",
    "sampleCount" : 300,
    "errorCount" : 200,
    "errorPct" : 66.666664,
    "meanResTime" : 6483.856666666668,
    "minResTime" : 4068.0,
    "maxResTime" : 8177.0,
    "pct1ResTime" : 7944.800000000001,
    "pct2ResTime" : 8038.65,
    "pct3ResTime" : 8164.0,
    "throughput" : 36.545255207698865,
    "receivedKBytesPerSec" : 20.84221586064076,
    "sentKBytesPerSec" : 8.065652028261665
  },
  "HTTP Request" : {
    "transaction" : "HTTP Request",
    "sampleCount" : 300,
    "errorCount" : 200,
    "errorPct" : 66.666664,
    "meanResTime" : 6483.856666666668,
    "minResTime" : 4068.0,
    "maxResTime" : 8177.0,
    "pct1ResTime" : 7944.800000000001,
    "pct2ResTime" : 8038.65,
    "pct3ResTime" : 8164.0,
    "throughput" : 36.545255207698865,
    "receivedKBytesPerSec" : 20.84221586064076,
    "sentKBytesPerSec" : 8.065652028261665
  }
}