{
  "Total" : {
    "transaction" : "Total",
    "sampleCount" : 100,
    "errorCount" : 100,
    "errorPct" : 100.0,
    "meanResTime" : 71.22999999999999,
    "minResTime" : 0.0,
    "maxResTime" : 151.0,
    "pct1ResTime" : 122.60000000000002,
    "pct2ResTime" : 134.0,
    "pct3ResTime" : 150.92999999999995,
    "throughput" : 288.1844380403458,
    "receivedKBytesPerSec" : 744.945515129683,
    "sentKBytesPerSec" : 0.0
  },
  "HTTP Request" : {
    "transaction" : "HTTP Request",
    "sampleCount" : 100,
    "errorCount" : 100,
    "errorPct" : 100.0,
    "meanResTime" : 71.22999999999999,
    "minResTime" : 0.0,
    "maxResTime" : 151.0,
    "pct1ResTime" : 122.60000000000002,
    "pct2ResTime" : 134.0,
    "pct3ResTime" : 150.92999999999995,
    "throughput" : 288.1844380403458,
    "receivedKBytesPerSec" : 744.945515129683,
    "sentKBytesPerSec" : 0.0
  }
}