{
  "Total" : {
    "transaction" : "Total",
    "sampleCount" : 300,
    "errorCount" : 300,
    "errorPct" : 100.0,
    "meanResTime" : 7211.4366666666665,
    "minResTime" : 4717.0,
    "maxResTime" : 9532.0,
    "pct1ResTime" : 8651.6,
    "pct2ResTime" : 9065.05,
    "pct3ResTime" : 9396.880000000001,
    "throughput" : 30.355155317211374,
    "receivedKBytesPerSec" : 21.195250050591927,
    "sentKBytesPerSec" : 6.699477638368917
  },
  "HTTP Request" : {
    "transaction" : "HTTP Request",
    "sampleCount" : 300,
    "errorCount" : 300,
    "errorPct" : 100.0,
    "meanResTime" : 7211.4366666666665,
    "minResTime" : 4717.0,
    "maxResTime" : 9532.0,
    "pct1ResTime" : 8651.6,
    "pct2ResTime" : 9065.05,
    "pct3ResTime" : 9396.880000000001,
    "throughput" : 30.355155317211374,
    "receivedKBytesPerSec" : 21.195250050591927,
    "sentKBytesPerSec" : 6.699477638368917
  }
}