{
  "Total" : {
    "transaction" : "Total",
    "sampleCount" : 100,
    "errorCount" : 0,
    "errorPct" : 0.0,
    "meanResTime" : 3561.3899999999994,
    "minResTime" : 2090.0,
    "maxResTime" : 4531.0,
    "pct1ResTime" : 4341.0,
    "pct2ResTime" : 4486.95,
    "pct3ResTime" : 4530.89,
    "throughput" : 21.958717610891522,
    "receivedKBytesPerSec" : 18.8707729468599,
    "sentKBytesPerSec" : 2.8306159420289854
  },
  "HTTP Request" : {
    "transaction" : "HTTP Request",
    "sampleCount" : 100,
    "errorCount" : 0,
    "errorPct" : 0.0,
    "meanResTime" : 3561.3899999999994,
    "minResTime" : 2090.0,
    "maxResTime" : 4531.0,
    "pct1ResTime" : 4341.0,
    "pct2ResTime" : 4486.95,
    "pct3ResTime" : 4530.89,
    "throughput" : 21.958717610891522,
    "receivedKBytesPerSec" : 18.8707729468599,
    "sentKBytesPerSec" : 2.8306159420289854
  }
}