{
  "Total" : {
    "transaction" : "Total",
    "sampleCount" : 100,
    "errorCount" : 100,
    "errorPct" : 100.0,
    "meanResTime" : 3565.59,
    "minResTime" : 2766.0,
    "maxResTime" : 4043.0,
    "pct1ResTime" : 3992.1000000000004,
    "pct2ResTime" : 4026.0,
    "pct3ResTime" : 4042.96,
    "throughput" : 24.715768660405338,
    "receivedKBytesPerSec" : 12.913023665348492,
    "sentKBytesPerSec" : 3.1860170538803754
  },
  "HTTP Request" : {
    "transaction" : "HTTP Request",
    "sampleCount" : 100,
    "errorCount" : 100,
    "errorPct" : 100.0,
    "meanResTime" : 3565.59,
    "minResTime" : 2766.0,
    "maxResTime" : 4043.0,
    "pct1ResTime" : 3992.1000000000004,
    "pct2ResTime" : 4026.0,
    "pct3ResTime" : 4042.96,
    "throughput" : 24.715768660405338,
    "receivedKBytesPerSec" : 12.913023665348492,
    "sentKBytesPerSec" : 3.1860170538803754
  }
}