{
  "Total" : {
    "transaction" : "Total",
    "sampleCount" : 300,
    "errorCount" : 0,
    "errorPct" : 0.0,
    "meanResTime" : 7010.4299999999985,
    "minResTime" : 4549.0,
    "maxResTime" : 8875.0,
    "pct1ResTime" : 8632.6,
    "pct2ResTime" : 8743.5,
    "pct3ResTime" : 8872.99,
    "throughput" : 33.723021582733814,
    "receivedKBytesPerSec" : 24.10669120953237,
    "sentKBytesPerSec" : 7.442776247751798
  },
  "HTTP Request" : {
    "transaction" : "HTTP Request",
    "sampleCount" : 300,
    "errorCount" : 0,
    "errorPct" : 0.0,
    "meanResTime" : 7010.4299999999985,
    "minResTime" : 4549.0,
    "maxResTime" : 8875.0,
    "pct1ResTime" : 8632.6,
    "pct2ResTime" : 8743.5,
    "pct3ResTime" : 8872.99,
    "throughput" : 33.723021582733814,
    "receivedKBytesPerSec" : 24.10669120953237,
    "sentKBytesPerSec" : 7.442776247751798
  }
}